<?xml version="1.0" encoding="utf-8"?>
<extension type="module" version="3.1" client="site" method="upgrade">
	<name>YOOtheme Mega Menu</name>
	<author>René Kreijveld</author>
	<creationDate>July 2021</creationDate>
	<copyright>Copyright (C) Destiny B.V., All rights reserved.</copyright>
	<license>GNU General Public License version 3 or later</license>
	<authorEmail>email@renekreijveld.nl</authorEmail>
	<authorUrl>https://www.destiny.nl</authorUrl>
	<version>1.0.3</version>
	<description>Mega Menu module for YOOtheme Pro, version 1.0.3.</description>
	<updateservers>
		<server type="extension" priority="1" name="YOOtheme Mega Menu Module">https://raw.githubusercontent.com/renekreijveld/YOOthemeMegaMenu/main/updates/mod_yootheme_megamenu.xml</server>
	</updateservers>
	<files>
		<filename>helper.php</filename>
		<filename>LICENSE.txt</filename>
		<filename module="mod_yootheme_megamenu">mod_yootheme_megamenu.php</filename>
		<filename>mod_yootheme_megamenu.xml</filename>
		<folder>language</folder>
		<folder>subforms</folder>
		<folder>tmpl</folder>
	</files>
	<config>
		<fields name="params">
			<fieldset name="basic">
				<field name="moduleclass" type="text" label="MOD_YT_MEGAMENU_LBL_MODULECLASS" description="MOD_YT_MEGAMENU_DESC_MODULECLASS"/>
				<field name="showpositions" type="radio" default="0" label="MOD_YT_MEGAMENU_LBL_SHOWPOSITIONS" description="MOD_YT_MEGAMENU_DESC_SHOWPOSITIONS" class="btn-group btn-group-yesno">
					<option value="0">JNO</option>
					<option value="1">JYES</option>
				</field>
				<field name="toplevelitems" type="subform" label="MOD_YT_MEGAMENU_LBL_TOPLEVELITEMS" description="MOD_YT_MEGAMENU_DESC_TOPLEVELITEMS" multiple="true" min="1" max="8" required= "true" formsource= "modules/mod_yootheme_megamenu/subforms/subform_toplevelitem.xml" groupByFieldset="false" />
			</fieldset>
			<fieldset name="advanced">
				<field name="layout" type="modulelayout" label="JFIELD_ALT_LAYOUT_LABEL" description="JFIELD_ALT_MODULE_LAYOUT_DESC" />
				<field name="cache" default="1" label="COM_MODULES_FIELD_CACHING_LABEL" description="COM_MODULES_FIELD_CACHING_DESC">
					<option value="1">JGLOBAL_USE_GLOBAL</option>
					<option value="0">COM_MODULES_FIELD_VALUE_NOCACHING</option>
				</field>
				<field name="cache_time" type="text" default="900" label="COM_MODULES_FIELD_CACHE_TIME_LABEL" description="COM_MODULES_FIELD_CACHE_TIME_DESC"/>
				<field name="cachemode" type="hidden" default="itemid">
					<option value="itemid"></option>
				</field>
			</fieldset>
		</fields>
	</config>
</extension>