<?xml version="1.0" encoding="utf-8"?>
<form>
	<fieldset>
		<field name="title" type="text" label="MOD_YT_MEGAMENU_LBL_TITLE" />
		<field name="islink" type="radio" default="1" label="MOD_YT_MEGAMENU_LBL_ISLINK" class="btn-group btn-group-yesno">
			<option value="1">JYES</option>
			<option value="0">JNO</option>
		</field>
		<field name="linktype" type="radio" default="" label="MOD_YT_MEGAMENU_LBL_LINKTYPE" class="btn-group btn-group-yesno" showon="islink:1">
			<option value="internal">MOD_YT_MEGAMENU_OPT_LINKTYPE_INTERNAL</option>
			<option value="external">MOD_YT_MEGAMENU_OPT_LINKTYPE_EXTERNAL</option>
		</field>
		<field name="internallink" type="menuitem" label="MOD_YT_MEGAMENU_LBL_INTERNALLINK" showon="linktype:internal[AND]islink:1" />
		<field name="useinternallinktitle" type="radio" default="0" label="MOD_YT_MEGAMENU_LBL_USEINTERNALLINKTITLE" class="btn-group btn-group-yesno"  showon="linktype:internal[AND]islink:1">
			<option value="0">JNO</option>
			<option value="1">JYES</option>
		</field>
		<field name="noteiltitle" type="note" label="" description="MOD_YT_MEGAMENU_NOTEILTITLE" showon="linktype:internal[AND]useinternallinktitle:1"/>
		<field name="externallink" type="text" label="MOD_YT_MEGAMENU_LBL_EXTERNALLINK" hint="https://" class="span6" showon="linktype:external[AND]islink:1" />
		<field name="target" type="radio" default="1" label="MOD_YT_MEGAMENU_LBL_TARGET" description="" class="btn-group btn-group-yesno" showon="linktype:external[AND]islink:1">
			<option value="_blank">MOD_YT_MEGAMENU_OPT_TARGET_NEW</option>
			<option value="_self">MOD_YT_MEGAMENU_OPT_TARGET_SAME</option>
		</field>
		<field name="showdd" type="radio" default="1" label="MOD_YT_MEGAMENU_LBL_SHOWDD" description="" class="btn-group btn-group-yesno">
			<option value="1">JYES</option>
			<option value="0">JNO</option>
		</field>
		<field name="ddicon" type="radio" default="chevron-down" label="MOD_YT_MEGAMENU_LBL_DDICON" description="" class="btn-group btn-group-yesno" showon="showdd:1">
			<option value="chevron-down">Chevron</option>
			<option value="triangle-down">Triangle</option>
		</field>
		<field name="ddkind" type="radio" default="" label="MOD_YT_MEGAMENU_LBL_DDKIND" description="MOD_YT_MEGAMENU_DESC_DDKIND" class="btn-group btn-group-yesno">
			<option value="mega">MOD_YT_MEGAMENU_OPT_DDKIND_MEGA</option>
			<option value="single">MOD_YT_MEGAMENU_OPT_DDKIND_SINGLE</option>
			<option value="no">MOD_YT_MEGAMENU_OPT_DDKIND_NO</option>
		</field>
		<field name="columns" type="list" default="" label="MOD_YT_MEGAMENU_LBL_COLUMNS" description="" showon="ddkind:mega">
			<option value="1">1</option>
			<option value="2">2</option>
			<option value="3">3</option>
			<option value="4">4</option>
			<option value="5">5</option>
			<option value="6">6</option>
		</field>
		<field name="notemega" type="note" label="" description="MOD_YT_MEGAMENU_NOTEMEGA" showon="ddkind:mega"/>
		<field name="notesingle" type="note" label="" description="MOD_YT_MEGAMENU_NOTESINGLE" showon="ddkind:single"/>
		<field name="offset" type="text" default="" label="MOD_YT_MEGAMENU_LBL_OFFSET" description="MOD_YT_MEGAMENU_DESC_OFFSET" />
		<field name="position" type="list" default="" label="MOD_YT_MEGAMENU_LBL_POSITION" description="MOD_YT_MEGAMENU_DESC_POSITION" showon="ddkind:single">
			<option value="">MOD_YT_MEGAMENU_POS_DEFAULT</option>
			<option value="bottom-left">MOD_YT_MEGAMENU_POS_BOTLEFT</option>
			<option value="bottom-center">MOD_YT_MEGAMENU_POS_BOTCENTER</option>
			<option value="bottom-right">MOD_YT_MEGAMENU_POS_BOTRIGHT</option>
			<option value="bottom-justify">MOD_YT_MEGAMENU_POS_BOTJUSTIFY</option>
			<option value="top-left">MOD_YT_MEGAMENU_POS_TOPLEFT</option>
			<option value="top-center">MOD_YT_MEGAMENU_POS_TOPCENTER</option>
			<option value="top-right">MOD_YT_MEGAMENU_POS_TOPRIGHT</option>
			<option value="top-justify">MOD_YT_MEGAMENU_POS_TOPJUSTIFY</option>
			<option value="left-top">MOD_YT_MEGAMENU_POS_LEFTTOP</option>
			<option value="left-center">MOD_YT_MEGAMENU_POS_LEFTCENTER</option>
			<option value="left-Bottom">MOD_YT_MEGAMENU_POS_LEFTBOTTOM</option>
			<option value="right-top">MOD_YT_MEGAMENU_POS_RIGHTTOP</option>
			<option value="right-center">MOD_YT_MEGAMENU_POS_RIGHTCENTER</option>
			<option value="right-Bottom">MOD_YT_MEGAMENU_POS_RIGHTBOTTOM</option>
		</field>
		<field name="useanimation" type="radio" default="0" label="MOD_YT_MEGAMENU_LBL_USEANIMATION" description="" class="btn-group btn-group-yesno">
			<option value="0">JNO</option>
			<option value="1">JYES</option>
		</field>
		<field name="animation" type="list" default="" label="MOD_YT_MEGAMENU_LBL_ANIMATION" description="" showon="useanimation:1">
			<option value="uk-animation-fade">Fade</option>
			<option value="uk-animation-scale-up">Scale Up</option>
			<option value="uk-animation-scale-down">Scale Down</option>
			<option value="uk-animation-slide-top">Slide Top</option>
			<option value="uk-animation-slide-bottom">Slide Bottom</option>
			<option value="uk-animation-slide-left">Slide Left</option>
			<option value="uk-animation-slide-right">Slide Right</option>
			<option value="uk-animation-slide-top-small">Slide Top Small</option>
			<option value="uk-animation-slide-bottom-small">Slide Bottom Small</option>
			<option value="uk-animation-slide-left-small">Slide Left Small</option>
			<option value="uk-animation-slide-right-small">Slide Right Small</option>
			<option value="uk-animation-slide-top-medium">Slide Top Medium</option>
			<option value="uk-animation-slide-bottom-medium">Slide Bottom Medium</option>
			<option value="uk-animation-slide-left-medium">Slide Left Medium</option>
			<option value="uk-animation-slide-right-medium">Slide Right Medium</option>
			<option value="uk-animation-shake">Shake</option>
			<option value="uk-animation-stroke">Stroke</option>
		</field>
		<field name="animationduration" type="text" default="250" label="MOD_YT_MEGAMENU_LBL_DURATION" description="MOD_YT_MEGAMENU_DESC_DURATION" showon="useanimation:1"/>
	</fieldset>
</form>